PDB,mutation,chain,ddG,class
1C08,ASP32ALA,B,1.9,1
1C08,ASP32ASN,B,0.17,0
1C08,SER31ALA,B,0.17,0
1C08,TRP98ALA,B,5.51,1
1C08,TRP98PHE,B,3.25,1
1C08,TYR33ALA,B,6.04,1
1C08,TYR33LEU,B,2.01,1
1C08,TYR33PHE,B,1.07,1
1C08,TYR33TRP,B,1.75,1
1C08,TYR50ALA,B,7.32,1
1C08,TYR50LEU,B,2.85,1
1C08,TYR50PHE,B,1.61,1
1C08,TYR53ALA,B,3.25,1
1C08,TYR53LEU,B,0.81,1
1C08,TYR53PHE,B,0.62,1
1C08,TYR53TRP,B,0.71,1
1C08,TYR58ALA,B,1.68,1
1C08,TYR58LEU,B,1.51,1
1C08,TYR58PHE,B,0.36,1
1C08,ASN31ALA,A,5.22,1
1C08,ASN31ASP,A,1.34,1
1C08,ASN31GLU,A,5.71,1
1C08,ASN32ALA,A,5.11,1
1C08,ASN32ASP,A,2.7,1
1C08,ASN92ASP,A,1.07,1
1C08,GLN53ALA,A,0.95,1
1C08,SER91ALA,A,0.49,1
1C08,SER93ALA,A,0.06,0
1C08,TYR50ALA,A,4.56,1
1C08,TYR50LEU,A,4.4,1
1C08,TYR50PHE,A,2.36,1
1C08,TYR96ALA,A,2.71,1
1C08,TYR96PHE,A,1.4,1
